﻿<?xml version="1.0" encoding="utf-8"?>
<game gameVersion="1.0.0.0" manifestVersion="3.0">
  <metadata>
    <featureFlags
      autoUpdateEnabled="1"
      forceTouchupInstallerAfterUpdate="1"
      useGameVersionFromManifestEnabled="1"
    />
   <localeInfo locale="en_US">
      <title>Update Origin Bootstrap</title>
   </localeInfo>
  </metadata>
  <executable>
    <filePath>/staged/UpdateBootstrap.exe</filePath>
    <parameters></parameters>
    <updateParameters></updateParameters>
    <repairParameters></repairParameters>
  </executable>  
</game>
